{
	"ambient.stq":{
		"category":"ambient",
		"sounds":[
			"item/goat_horn/stq"
		],
		"subtitle":"罢免独裁国贼习近平"
	},
	"item.goat_horn.sound.0":{
		"category":"item",
		"sounds":[
			"item/goat_horn/stq"
		],
		"subtitle":"罢免独裁国贼习近平"
	},
	"item.goat_horn.sound.1":{
		"category":"item",
		"sounds":[
			"item/goat_horn/stq"
		],
		"subtitle":"罢免独裁国贼习近平"
	},
	"item.goat_horn.sound.2":{
		"category":"item",
		"sounds":[
			"item/goat_horn/stq"
		],
		"subtitle":"罢免独裁国贼习近平"
	},
	"item.goat_horn.sound.3":{
		"category":"item",
		"sounds":[
			"item/goat_horn/stq"
		],
		"subtitle":"罢免独裁国贼习近平"
	},
	"item.goat_horn.sound.4":{
		"category":"item",
		"sounds":[
			"item/goat_horn/stq"
		],
		"subtitle":"罢免独裁国贼习近平"
	},
	"item.goat_horn.sound.5":{
		"category":"item",
		"sounds":[
			"item/goat_horn/stq"
		],
		"subtitle":"罢免独裁国贼习近平"
	},
	"item.goat_horn.sound.6":{
		"category":"item",
		"sounds":[
			"item/goat_horn/stq"
		],
		"subtitle":"罢免独裁国贼习近平"
	},
	"item.goat_horn.sound.7":{
		"category":"item",
		"sounds":[
			"item/goat_horn/stq"
		],
		"subtitle":"罢免独裁国贼习近平"
	},
	"music.blx":{
		"category":"music",
		"sounds":[
			"music/blx"
		],
		"subtitle":""
	},
	"music.bus":{
		"category":"music",
		"sounds":[
			"music/bus"
		],
		"subtitle":""
	},
	"music.bzd":{
		"category":"music",
		"sounds":[
			"music/bzd"
		],
		"subtitle":""
	},
	"music.gthk":{
		"category":"music",
		"sounds":[
			"music/gthk"
		],
		"subtitle":""
	},
	"music.gyz":{
		"category":"music",
		"sounds":[
			"music/gyz"
		],
		"subtitle":""
	},
	"music.nszw":{
		"category":"music",
		"sounds":[
			"music/nszw"
		],
		"subtitle":""
	},
	"music.qchyn":{
		"category":"music",
		"sounds":[
			"music/qchyn"
		],
		"subtitle":""
	},
	"music.qfh":{
		"category":"music",
		"sounds":[
			"music/qfh"
		],
		"subtitle":""
	},
	"music.qhc":{
		"category":"music",
		"sounds":[
			"music/qhc"
		],
		"subtitle":""
	}
}